latitude,longitude,brightness,scan,track,acq_date,acq_time,satellite,instrument,confidence,version,bright_t31,frp,daynight,type
47.0479,19.8505,304.6,1,1,2021-01-25,1134,Aqua,MODIS,59,6.03,275.8,10.8,D,0
47.3147,19.4743,304.3,1.1,1,2021-02-01,0956,Terra,MODIS,59,6.03,276.2,10.9,D,0
47.3158,17.2377,314,1.1,1,2021-02-22,1159,Aqua,MODIS,74,6.03,290.1,13.3,D,0
47.3141,17.2239,330.5,1.1,1,2021-02-22,1159,Aqua,MODIS,87,6.03,291.3,31.7,D,2
46.3364,18.2867,301.5,2.7,1.6,2021-02-23,1103,Aqua,MODIS,44,6.03,288.5,20.1,D,0
45.9724,17.5032,305.7,1.1,1,2021-02-24,1002,Terra,MODIS,62,6.03,286.5,8,D,0
45.9633,17.5001,303.3,1.1,1,2021-02-24,1002,Terra,MODIS,52,6.03,286.1,6.1,D,0
46.3635,17.8436,302.7,1,1,2021-02-24,1146,Aqua,MODIS,50,6.03,290.3,4.1,D,0
47.1731,19.9224,302,1,1,2021-02-24,1146,Aqua,MODIS,50,6.03,290.1,3.8,D,0
46.3724,17.8408,301.3,1,1,2021-02-24,1146,Aqua,MODIS,39,6.03,289.7,3.2,D,0
46.8309,20.1936,301.2,1,1,2021-02-26,0949,Terra,MODIS,45,6.03,290.5,3.5,D,0
46.6254,21.2517,301.8,1.1,1,2021-02-26,0949,Terra,MODIS,49,6.03,288.6,5.1,D,0
46.6573,20.2897,307.7,1,1,2021-02-26,0949,Terra,MODIS,66,6.03,290.1,8,D,2
46.6594,20.2765,303.5,1,1,2021-02-26,0949,Terra,MODIS,56,6.03,289.6,5.2,D,2
46.21,20.0437,305.6,1,1,2021-02-26,1134,Aqua,MODIS,55,6.03,295.6,4.1,D,0
47.1494,19.1687,300.5,1.1,1,2021-02-26,1134,Aqua,MODIS,34,6.03,289.9,3.5,D,0
48.0382,19.3074,309.4,1,1,2021-02-26,1134,Aqua,MODIS,69,6.03,290.3,9.1,D,0
48.0471,19.3041,304.9,1,1,2021-02-26,1134,Aqua,MODIS,51,6.03,290.4,5.8,D,0
48.2576,20.3535,300.1,1,1,2021-02-28,0937,Terra,MODIS,25,6.03,275.3,7,D,0
46.751,18.5259,301.8,1.8,1.3,2021-03-01,1020,Terra,MODIS,49,6.03,284.6,12.1,D,0
46.1974,19.4908,300.2,2,1.4,2021-03-01,1020,Terra,MODIS,33,6.03,286.9,11.4,D,0
46.1958,19.4847,300.7,2,1.4,2021-03-01,1020,Terra,MODIS,41,6.03,287.2,12,D,0
45.8201,18.3561,300.6,2.3,1.5,2021-03-02,1109,Aqua,MODIS,38,6.03,288.3,11.4,D,0
45.8231,18.3618,300.2,2.3,1.5,2021-03-02,1109,Aqua,MODIS,24,6.03,288.8,10.3,D,0
47.1463,20.7358,307.8,1.6,1.2,2021-03-03,1007,Terra,MODIS,66,6.03,288.4,16,D,0
47.1472,20.7419,306.1,1.6,1.2,2021-03-03,1007,Terra,MODIS,63,6.03,287.9,13,D,0
46.4981,18.3782,306.2,1,1,2021-03-03,1152,Aqua,MODIS,45,6.03,295.4,4.3,D,0
45.8535,18.5181,342.1,1,1,2021-03-03,1152,Aqua,MODIS,92,6.03,296.5,45.3,D,0
45.8445,18.5206,310.5,1,1,2021-03-03,1152,Aqua,MODIS,64,6.03,296.6,6.9,D,0
45.8463,18.5336,308.9,1,1,2021-03-03,1152,Aqua,MODIS,58,6.03,296.7,5.5,D,0
45.8552,18.5311,343,1,1,2021-03-03,1152,Aqua,MODIS,93,6.03,295.7,46.9,D,0
47.6555,17.6954,310.5,1,1,2021-03-05,1140,Aqua,MODIS,70,6.03,282,11.7,D,0
47.6799,17.9505,302.4,1,1,2021-03-05,1140,Aqua,MODIS,48,6.03,283.2,6.4,D,0
47.2389,17.2388,302.8,1.1,1.1,2021-03-07,0943,Terra,MODIS,54,6.03,281.8,7.9,D,0
46.5453,18.5516,300.9,1.3,1.1,2021-03-07,1128,Aqua,MODIS,43,6.03,288,6.8,D,0
46.7593,19.0358,304,1.2,1.1,2021-03-07,1128,Aqua,MODIS,58,6.03,290.3,7,D,0
47.9068,21.0551,310.4,1,1,2021-03-07,1128,Aqua,MODIS,66,6.03,282.6,12.1,D,0
47.909,21.0686,307.4,1,1,2021-03-07,1128,Aqua,MODIS,57,6.03,281.1,10.2,D,0
46.5839,18.2457,310.7,1.5,1.2,2021-03-08,1211,Aqua,MODIS,70,6.03,287.7,17.9,D,0
46.7515,19.1506,305.2,1.2,1.1,2021-03-10,1158,Aqua,MODIS,49,6.03,284,8.8,D,0
46.7497,19.1352,309.5,1.2,1.1,2021-03-10,1158,Aqua,MODIS,69,6.03,287.4,11.8,D,0
47.2844,20.209,306,1.1,1,2021-03-21,0955,Terra,MODIS,55,6.03,289.9,6.9,D,0
46.5133,19.0208,302.8,1.1,1,2021-03-21,0955,Terra,MODIS,54,6.03,284.6,7,D,0
46.0349,18.9331,306,1.1,1,2021-03-21,0955,Terra,MODIS,63,6.03,284.8,8.4,D,0
47.2752,20.2056,316.8,1.1,1,2021-03-21,0955,Terra,MODIS,77,6.03,289.4,16.7,D,0
46.9075,19.2397,306.9,1.1,1,2021-03-21,0955,Terra,MODIS,64,6.03,287.6,8.4,D,0
46.8849,19.2032,303.2,1.1,1,2021-03-21,0955,Terra,MODIS,52,6.03,286.7,6.1,D,0
46.8826,19.2167,301.6,1.1,1,2021-03-21,0955,Terra,MODIS,48,6.03,285.4,5.2,D,0
47.0843,18.047,302.4,1,1,2021-03-21,1140,Aqua,MODIS,48,6.03,287,5,D,0
48.4634,21.1771,321.2,1,1,2021-03-21,1140,Aqua,MODIS,81,6.03,287.7,20.6,D,0
47.5942,20.9502,308.9,1,1,2021-03-21,1140,Aqua,MODIS,68,6.03,289.2,8.6,D,0
48.4725,21.1744,337.3,1,1,2021-03-21,1140,Aqua,MODIS,90,6.03,287.6,41.5,D,0
48.0843,21.2406,303.4,1,1,2021-03-21,1140,Aqua,MODIS,56,6.03,285.1,6.1,D,2
47.596,20.9636,308.3,1,1,2021-03-21,1140,Aqua,MODIS,67,6.03,288.6,8.4,D,0
46.0328,18.9276,301.1,1,1,2021-03-21,1140,Aqua,MODIS,37,6.03,288.1,3.9,D,0
46.6165,17.5311,301,1.1,1,2021-03-21,1140,Aqua,MODIS,43,6.03,287.8,5,D,0
47.8836,22.015,303.1,1,1,2021-03-25,0930,Terra,MODIS,48,6.03,290.4,3.7,D,0
47.2549,20.726,303.3,1.1,1,2021-03-25,0930,Terra,MODIS,56,6.03,289.2,3.8,D,0
46.5318,18.5844,317,1.3,1.1,2021-03-25,0931,Terra,MODIS,77,6.03,290,18.4,D,0
45.7943,18.3589,303.3,1.3,1.1,2021-03-25,0931,Terra,MODIS,51,6.03,288.2,5.7,D,0
46.5418,18.5866,314.9,1.3,1.1,2021-03-25,0931,Terra,MODIS,68,6.03,289.1,15.7,D,0
47.8213,22.4357,309.5,1.1,1.1,2021-03-25,1116,Aqua,MODIS,69,6.03,293.2,7.9,D,0
47.8187,22.4209,309.3,1.1,1.1,2021-03-25,1116,Aqua,MODIS,68,6.03,292.9,7.9,D,0
48.2158,20.4027,300,1.7,1.3,2021-03-26,1013,Terra,MODIS,23,6.03,286,8.8,D,0
47.263,20.7772,310.1,1.8,1.3,2021-03-26,1013,Terra,MODIS,66,6.03,293.1,16.9,D,0
48.1716,22.5572,302,1.2,1.1,2021-03-27,0918,Terra,MODIS,50,6.03,289.4,4.6,D,0
48.1691,20.668,319.2,1.8,1.3,2021-03-27,1104,Aqua,MODIS,79,6.03,292.6,36.5,D,0
48.1806,20.2394,312.1,1.9,1.3,2021-03-27,1104,Aqua,MODIS,72,6.03,291.7,25.3,D,0
48.1741,20.6906,326.8,1.8,1.3,2021-03-27,1104,Aqua,MODIS,85,6.03,293.4,54.9,D,0
48.2363,20.3169,313.4,1.9,1.3,2021-03-27,1104,Aqua,MODIS,71,6.03,292.9,24.3,D,2
48.3889,22.2635,306.3,1.5,1.2,2021-03-27,1104,Aqua,MODIS,63,6.03,291.9,8.6,D,0
48.231,20.2933,319,1.9,1.3,2021-03-27,1104,Aqua,MODIS,79,6.03,292.4,36.1,D,2
48.2425,20.2878,315.9,1.9,1.3,2021-03-27,1104,Aqua,MODIS,70,6.03,291.4,28,D,0
48.3909,22.2577,306.8,1.5,1.2,2021-03-27,1104,Aqua,MODIS,64,6.03,291.4,8.8,D,0
46.4491,19.0106,307.7,2.8,1.6,2021-03-29,1229,Aqua,MODIS,55,6.03,290.6,20.1,D,0
48.0433,19.5803,306.6,2.6,1.6,2021-03-31,1031,Terra,MODIS,40,6.03,292.9,15.8,D,0
48.132,20.7373,311.5,2.5,1.5,2021-03-31,1217,Aqua,MODIS,50,6.03,294.1,23,D,0
47.9476,20.6382,312.6,2.4,1.5,2021-03-31,1217,Aqua,MODIS,60,6.03,293.8,28.5,D,0
48.1302,20.7036,315.4,2.5,1.5,2021-03-31,1217,Aqua,MODIS,66,6.03,293.9,37.3,D,0
48.1383,20.7079,317.3,2.5,1.5,2021-03-31,1217,Aqua,MODIS,70,6.03,292.9,43,D,0
47.9414,20.6437,312.8,2.4,1.5,2021-03-31,1217,Aqua,MODIS,61,6.03,294.3,28,D,0
48.2161,20.6639,309.1,1,1,2021-04-01,0936,Terra,MODIS,54,6.03,293.6,5,D,0
46.8096,21.0838,309.4,1,1,2021-04-01,0937,Terra,MODIS,44,6.03,293,4.5,D,0
46.8078,21.0968,314.8,1,1,2021-04-01,0937,Terra,MODIS,73,6.03,294.7,9,D,0
48.4726,20.8866,312.3,1.1,1.1,2021-04-01,1122,Aqua,MODIS,64,6.03,299.1,7,D,0
48.3272,22.141,312.6,1,1,2021-04-01,1122,Aqua,MODIS,35,6.03,296.9,5.6,D,2
48.3316,22.1685,313.9,1,1,2021-04-01,1122,Aqua,MODIS,71,6.03,296.5,7.1,D,0
46.6522,19.1059,321,1.4,1.2,2021-04-01,1122,Aqua,MODIS,77,6.03,290.8,24,D,0
48.3338,22.1822,314.1,1,1,2021-04-01,1122,Aqua,MODIS,71,6.03,295.3,7.9,D,0
46.7422,16.6439,308.5,1.1,1,2021-04-02,1205,Aqua,MODIS,61,6.03,292.3,7.5,D,0
48.3079,21.678,303.1,1.2,1.1,2021-04-03,0924,Terra,MODIS,55,6.03,288.4,6.2,D,0
48.2595,21.3844,304.9,1.2,1.1,2021-04-03,0924,Terra,MODIS,45,6.03,283.7,7.7,D,0
48.2889,21.1214,308.9,1.7,1.3,2021-04-05,0912,Terra,MODIS,68,6.03,289.6,14.1,D,0
48.2869,21.1448,309.2,1.7,1.3,2021-04-05,0912,Terra,MODIS,68,6.03,291.4,14.8,D,0
47.4586,21.2569,307.4,4.6,2,2021-04-05,1235,Aqua,MODIS,60,6.03,290.4,58.7,D,0
47.4561,21.2527,307.1,4.6,2,2021-04-05,1235,Aqua,MODIS,52,6.03,290.2,57.3,D,0
48.284,20.4209,308.2,1.1,1.1,2021-04-10,0930,Terra,MODIS,63,6.03,290.8,8.1,D,0
47.819,22.547,305.8,1,1,2021-04-10,0930,Terra,MODIS,59,6.03,294.1,3.9,D,0
48.2499,21.3762,311.4,1.1,1,2021-04-10,0930,Terra,MODIS,69,6.03,290.6,9.5,D,0
47.1591,19.3219,312.6,1.6,1.2,2021-04-10,1116,Aqua,MODIS,68,6.03,296.7,14.4,D,0
47.1633,19.3418,316.5,1.6,1.2,2021-04-10,1116,Aqua,MODIS,73,6.03,296.2,20,D,2
48.2543,21.3637,311.4,1.2,1.1,2021-04-10,1116,Aqua,MODIS,69,6.03,293.5,11.5,D,2
46.8849,18.7434,302.1,2.3,1.5,2021-04-23,1223,Aqua,MODIS,10,6.03,288.6,9,D,0
45.9238,18.4277,304.9,1,1,2021-05-08,1140,Aqua,MODIS,25,6.03,294,3.8,D,0
47.9763,21.9931,315.7,1,1,2021-05-10,0942,Terra,MODIS,46,6.03,303.3,6.2,D,2
47.8198,22.3511,326.3,1,1,2021-05-10,1128,Aqua,MODIS,79,6.03,304.5,15.3,D,0
48.0685,22.0838,326.4,1,1,2021-05-10,1128,Aqua,MODIS,79,6.03,305.9,14.6,D,0
47.2137,21.5349,303.3,1.5,1.2,2021-05-21,1109,Aqua,MODIS,35,6.03,292.1,3.8,D,2
47.1887,18.4701,313.2,1,1,2021-05-26,0942,Terra,MODIS,59,6.03,300.7,7.4,D,2
47.1854,18.4701,312.4,1.3,1.1,2021-05-26,1128,Aqua,MODIS,55,6.03,301.3,9.1,D,2
47.8253,22.3494,313.6,1,1,2021-05-26,1128,Aqua,MODIS,35,6.03,301.6,5.2,D,0
47.5351,19.245,316.2,1.2,1.1,2021-05-26,1128,Aqua,MODIS,73,6.03,301.2,11.2,D,2
48.0783,21.4998,325.3,1,1,2021-06-04,0935,Terra,MODIS,78,6.03,304.2,14.5,D,0
47.9126,21.0289,320.3,1,1,2021-06-18,0947,Terra,MODIS,49,6.03,305.6,7.6,D,2
47.0188,16.8397,323.4,1.3,1.1,2021-06-18,1134,Aqua,MODIS,78,6.03,301.5,19.9,D,0
47.0158,16.8236,325.8,1.3,1.1,2021-06-18,1134,Aqua,MODIS,80,6.03,300.4,24.3,D,0
47.3348,20.4224,319.3,1,1,2021-06-27,0941,Terra,MODIS,40,6.03,303.5,7.6,D,0
46.8871,20.5783,373.5,1.1,1,2021-06-29,0929,Terra,MODIS,100,6.03,310.7,130.8,D,0
46.9363,18.9428,312.7,1.7,1.3,2021-07-01,0917,Terra,MODIS,34,6.03,299.3,12,D,2
47.7746,19.1463,317.3,1.3,1.1,2021-07-06,1122,Aqua,MODIS,19,6.03,302,8.3,D,2
48.1143,21.3224,323.3,1.2,1.1,2021-07-08,0923,Terra,MODIS,72,6.03,304.1,11.8,D,0
48.1114,21.3319,325.7,1.2,1.1,2021-07-08,0923,Terra,MODIS,75,6.03,303.9,16.2,D,0
48.1126,21.3384,324.8,1.2,1.1,2021-07-08,0923,Terra,MODIS,74,6.03,304,14.2,D,0
46.4727,20.5917,335.3,1.7,1.3,2021-07-08,1109,Aqua,MODIS,84,6.03,310.2,41.3,D,0
46.4698,20.5885,333.3,1.7,1.3,2021-07-08,1109,Aqua,MODIS,82,6.03,309.3,34,D,0
46.4763,20.5624,395.5,1.7,1.3,2021-07-08,1109,Aqua,MODIS,100,6.03,312.5,453.5,D,0
46.4808,20.5835,377.1,1.7,1.3,2021-07-08,1109,Aqua,MODIS,100,6.03,313,266.8,D,0
46.4638,20.5493,325.7,1.7,1.3,2021-07-08,1109,Aqua,MODIS,64,6.03,305.1,17.4,D,0
46.4653,20.5674,350.3,1.7,1.3,2021-07-08,1109,Aqua,MODIS,95,6.03,307.9,99,D,0
46.4683,20.5705,378.4,1.7,1.3,2021-07-08,1109,Aqua,MODIS,100,6.03,310.7,280.7,D,0
47.0843,21.1265,378.6,1.2,1.1,2021-07-09,1152,Aqua,MODIS,100,6.03,297,187.1,D,0
47.0826,21.1102,358.9,1.2,1.1,2021-07-09,1152,Aqua,MODIS,99,6.03,296.6,101,D,0
47.0942,21.1243,335.5,1.2,1.1,2021-07-09,1152,Aqua,MODIS,75,6.03,283.9,35.5,D,0
47.0925,21.108,327,1.2,1.1,2021-07-09,1152,Aqua,MODIS,57,6.03,290.2,22.8,D,0
46.9434,18.9454,321.1,1.2,1.1,2021-07-10,2019,Terra,MODIS,100,6.03,292.9,23.9,N,2
46.9406,18.9298,307.7,1.2,1.1,2021-07-10,2019,Terra,MODIS,72,6.03,292.1,9.2,N,2
46.3023,20.8169,326.8,1,1,2021-07-11,1140,Aqua,MODIS,74,6.03,306.3,13.8,D,0
47.4153,19.7999,321.5,1,1,2021-07-13,0941,Terra,MODIS,55,6.03,303,7.4,D,0
46.5756,21.0916,329,1.3,1.1,2021-07-15,1115,Aqua,MODIS,78,6.03,303,21.9,D,0
46.5186,20.7323,322.8,1.1,1,2021-07-18,1146,Aqua,MODIS,52,6.03,304.5,6.2,D,0
47.2471,18.7533,312.5,1,1,2021-07-20,0947,Terra,MODIS,62,6.03,296.8,6.4,D,0
47.4334,19.5491,352.5,1,1,2021-07-20,1134,Aqua,MODIS,96,6.03,299.7,64,D,0
47.4312,19.5356,368.4,1,1,2021-07-20,1134,Aqua,MODIS,100,6.03,302.5,110.5,D,0
47.4401,20.071,314.2,1.2,1.1,2021-07-22,1122,Aqua,MODIS,18,6.03,296,7,D,0
46.1435,20.6003,325.5,1.2,1.1,2021-07-24,0923,Terra,MODIS,57,6.03,302.5,16,D,2
46.132,20.6137,324.4,1.2,1.1,2021-07-24,0923,Terra,MODIS,49,6.03,305.7,13.8,D,2
46.1451,20.5844,322.1,1.2,1.1,2021-07-25,1152,Aqua,MODIS,70,6.03,301,10.4,D,2
47.3169,21.1543,319.2,1.6,1.3,2021-07-26,0910,Terra,MODIS,59,6.03,300,14.1,D,0
46.1335,20.5991,332.5,1.2,1.1,2021-07-27,0953,Terra,MODIS,79,6.03,305.7,22.3,D,2
46.0544,18.179,340.9,1,1,2021-07-29,0941,Terra,MODIS,90,6.03,306.8,36.6,D,2
46.0561,18.1658,332.9,1,1,2021-07-29,0941,Terra,MODIS,79,6.03,303,23.9,D,2
47.9883,20.9951,321.1,1,1,2021-07-29,0941,Terra,MODIS,47,6.03,297.6,8.1,D,0
46.4593,20.3608,322.5,1,1,2021-07-29,0941,Terra,MODIS,59,6.03,305.7,7.7,D,0
47.8048,19.6738,311.5,1,1,2021-08-01,0049,Aqua,MODIS,83,6.03,286.8,12.2,N,0
46.3064,20.8209,314.6,1.4,1.2,2021-08-03,0959,Terra,MODIS,60,6.03,298.3,9.1,D,2
48.0845,22.1807,309.5,1,1,2021-08-07,1122,Aqua,MODIS,40,6.03,295.3,4.1,D,0
47.1875,19.7337,301.5,1,1,2021-08-08,0056,Aqua,MODIS,42,6.03,287.4,5.5,N,0
46.8906,19.7771,317.6,2,1.4,2021-08-08,1017,Terra,MODIS,61,6.03,298,16.9,D,0
47.6764,22.0771,310.4,1.3,1.1,2021-08-09,1110,Aqua,MODIS,51,6.03,296.2,8.8,D,0
45.958,18.2227,317.5,1,1,2021-08-10,1152,Aqua,MODIS,42,6.03,301.9,4.7,D,0
46.3055,20.8153,319.9,1.2,1.1,2021-08-12,0953,Terra,MODIS,24,6.03,304.8,9.2,D,2
46.3017,20.8243,319.2,1.2,1.1,2021-08-12,0953,Terra,MODIS,54,6.03,302.6,9.2,D,0
46.3044,20.8091,322.3,1.2,1.1,2021-08-12,0953,Terra,MODIS,64,6.03,305,13,D,2
48.0909,22.1918,314.9,1,1,2021-08-14,0940,Terra,MODIS,54,6.03,299.3,6.2,D,0
45.8977,18.0386,323.2,2,1.4,2021-08-16,1115,Aqua,MODIS,70,6.03,299.7,34.4,D,0
45.8923,18.0144,323.8,2,1.4,2021-08-16,1115,Aqua,MODIS,71,6.03,300.1,37.1,D,0
47.9813,22.0911,314.2,1.2,1.1,2021-08-16,1116,Aqua,MODIS,36,6.03,298.3,6.8,D,2
47.9834,22.0851,314.7,1.2,1.1,2021-08-16,1116,Aqua,MODIS,56,6.03,298.7,7.8,D,2
47.8261,22.3548,310.7,1.1,1.1,2021-08-21,0946,Terra,MODIS,56,6.03,296.6,6.4,D,0
48.1221,21.7268,312,1.1,1,2021-08-21,0946,Terra,MODIS,61,6.03,296.8,5.6,D,2
47.4953,19.2371,317,1,1,2021-08-21,0947,Terra,MODIS,63,6.03,301.3,7.4,D,2
47.6155,22.0134,305.4,1.4,1.2,2021-08-22,2000,Terra,MODIS,64,6.03,282.5,13.7,N,0
47.6189,22.0312,318.2,1.4,1.2,2021-08-22,2000,Terra,MODIS,96,6.03,282.1,29.5,N,0
47.5059,18.0312,303,2.1,1.4,2021-08-25,1110,Aqua,MODIS,42,6.03,290.3,6.5,D,2
46.9435,18.9436,307.4,1,1,2021-08-25,2031,Terra,MODIS,71,6.03,286.5,10.2,N,2
47.1621,19.323,313.4,1.6,1.2,2021-09-01,1116,Aqua,MODIS,65,6.03,291.7,18.3,D,0
47.9018,21.0182,317.8,1,1,2021-09-06,0946,Terra,MODIS,75,6.03,299.9,10.2,D,2
47.8878,20.7052,316.3,1,1,2021-09-06,0946,Terra,MODIS,66,6.03,298,10,D,0
47.732,19.7472,316.6,1.1,1,2021-09-08,0934,Terra,MODIS,60,6.03,302.1,7.6,D,0
46.501,18.9878,314.6,1.1,1,2021-09-08,0934,Terra,MODIS,59,6.03,301.8,6.2,D,0
48.3217,22.1185,328.4,1,1,2021-09-08,1122,Aqua,MODIS,84,6.03,298.6,23.9,D,2
48.3262,22.146,317.8,1,1,2021-09-08,1122,Aqua,MODIS,74,6.03,297.1,11.8,D,2
48.3306,22.1734,312.5,1,1,2021-09-08,1122,Aqua,MODIS,50,6.03,296.2,7.5,D,0
48.3239,22.1323,328,1,1,2021-09-08,1122,Aqua,MODIS,84,6.03,299.4,23.8,D,2
47.1891,17.9838,324.3,1.2,1.1,2021-09-09,1205,Aqua,MODIS,77,6.03,298,23.1,D,0
47.1874,17.9673,318.3,1.2,1.1,2021-09-09,1205,Aqua,MODIS,61,6.03,299.4,15.4,D,0
46.8799,19.1149,328.3,1.4,1.2,2021-09-09,1205,Aqua,MODIS,61,6.03,305.4,27.8,D,0
46.8775,19.1267,321.6,1.4,1.2,2021-09-09,1205,Aqua,MODIS,54,6.03,304.9,15.7,D,0
46.8758,19.1087,320.2,1.4,1.2,2021-09-09,1205,Aqua,MODIS,52,6.03,305.1,13.1,D,0
46.6898,16.8621,311.9,1.1,1.1,2021-09-11,1005,Terra,MODIS,52,6.03,299.4,6.2,D,0
46.662,20.3674,322.8,1.5,1.2,2021-09-11,1005,Terra,MODIS,75,6.03,304,20.6,D,0
46.9379,18.9435,319.8,1.1,1,2021-09-11,1152,Aqua,MODIS,0,6.03,305.8,7.7,D,2
47.6787,17.5741,314.3,1,1,2021-09-13,0952,Terra,MODIS,51,6.03,298.2,6.2,D,2
47.33,18.9193,315.3,1,1,2021-09-13,0952,Terra,MODIS,49,6.03,299.9,5.4,D,2
48.1606,20.5553,305.3,1.1,1,2021-09-13,0952,Terra,MODIS,27,6.03,283.6,7.1,D,0
45.9568,17.9494,324.4,1,1,2021-09-15,0940,Terra,MODIS,77,6.03,302.8,15.1,D,0
45.9551,17.9628,319.4,1,1,2021-09-15,0940,Terra,MODIS,71,6.03,300.8,10,D,0
46.5587,20.1526,310.2,1.1,1.1,2021-10-01,1128,Aqua,MODIS,70,6.03,290.6,10.1,D,0
47.9002,20.6515,311.2,1.4,1.2,2021-10-04,1159,Aqua,MODIS,61,6.03,299.1,8.7,D,0
48.1079,21.1631,308.8,1.7,1.3,2021-10-05,1104,Aqua,MODIS,65,6.03,296.4,10.5,D,0
48.4237,21.2689,301.7,1,1,2021-10-08,0945,Terra,MODIS,40,6.03,290,4.7,D,0
48.2311,22.2468,300.4,1.1,1.1,2021-10-08,0945,Terra,MODIS,37,6.03,290.3,4.7,D,0
48.1515,20.8257,300.3,1,1,2021-10-08,0945,Terra,MODIS,34,6.03,290.3,2.9,D,0
47.9166,21.0609,301,1.1,1,2021-10-08,0945,Terra,MODIS,33,6.03,289.4,3.8,D,0
47.5903,20.7176,314.4,1,1,2021-10-08,0946,Terra,MODIS,75,6.03,288.9,13.1,D,0
47.6534,20.3285,301,1,1,2021-10-08,0946,Terra,MODIS,43,6.03,289.4,3.1,D,0
47.5837,20.8156,304.8,1,1,2021-10-08,0946,Terra,MODIS,52,6.03,290.3,5.6,D,0
47.597,20.7343,305.1,1,1,2021-10-08,0946,Terra,MODIS,40,6.03,288.9,5.8,D,2
47.7048,17.9892,301.9,1.1,1.1,2021-10-08,1134,Aqua,MODIS,50,6.03,283.5,6.3,D,0
47.6714,19.1729,300.1,1,1,2021-10-08,1134,Aqua,MODIS,20,6.03,287.9,3.8,D,0
47.6983,19.1709,309.2,1,1,2021-10-08,1134,Aqua,MODIS,68,6.03,289.4,9.4,D,0
47.6893,19.1742,308.3,1,1,2021-10-08,1134,Aqua,MODIS,65,6.03,289.6,8.5,D,0
48.2149,21.7776,305.1,3.3,1.7,2021-10-09,1028,Terra,MODIS,61,6.03,287.4,39,D,0
48.211,21.7799,303.4,3.3,1.7,2021-10-09,1028,Terra,MODIS,56,6.03,287.1,32.9,D,0
48.1879,22.0819,303.4,1,1,2021-10-10,1122,Aqua,MODIS,56,6.03,291.2,4.6,D,0
47.9337,21.7321,301.6,1.1,1,2021-10-10,1122,Aqua,MODIS,48,6.03,290.3,3.6,D,2
47.8507,22.1283,301.9,1.1,1,2021-10-10,1122,Aqua,MODIS,48,6.03,290.1,4.4,D,2
47.9935,22.0929,312.7,1.1,1,2021-10-10,1122,Aqua,MODIS,73,6.03,290.6,12.1,D,0
47.3906,21.837,301.3,1.1,1,2021-10-10,1122,Aqua,MODIS,45,6.03,289.8,3.7,D,0
48.0477,19.3104,300.6,1,1,2021-10-15,0951,Terra,MODIS,40,6.03,286.2,5.4,D,0
47.6178,16.9129,302.6,1.1,1,2021-10-15,1140,Aqua,MODIS,49,6.03,290.8,5.4,D,0
45.9608,17.5005,309.2,1.1,1,2021-10-15,1140,Aqua,MODIS,53,6.03,285.7,10.9,D,0
45.9677,17.4833,302.3,1.1,1,2021-10-15,1140,Aqua,MODIS,37,6.03,287.3,6.2,D,0
46.4521,16.9266,301.9,1.1,1.1,2021-10-15,1140,Aqua,MODIS,49,6.03,288,6.2,D,0
46.0349,17.824,303.8,1.1,1,2021-10-15,1140,Aqua,MODIS,57,6.03,288.9,6.4,D,0
47.1071,17.095,304.6,1.1,1,2021-10-15,1140,Aqua,MODIS,59,6.03,289.2,6.9,D,0
46.37,17.8265,314.4,1.1,1,2021-10-15,1140,Aqua,MODIS,75,6.03,288.7,15.1,D,2
46.6947,17.3067,303.1,1.1,1,2021-10-15,1140,Aqua,MODIS,55,6.03,287.8,6.9,D,0
46.7634,16.848,304.9,1.1,1.1,2021-10-15,1140,Aqua,MODIS,60,6.03,287.6,8.6,D,0
46.6924,17.2926,317.1,1.1,1,2021-10-15,1140,Aqua,MODIS,77,6.03,287.8,18.4,D,0
46.5467,20.6896,303.1,1.1,1,2021-10-17,1128,Aqua,MODIS,33,6.03,290,3.6,D,2
47.6519,20.3259,303.3,1.1,1,2021-10-17,1128,Aqua,MODIS,55,6.03,291,4.4,D,0
48.1463,21.6086,308.9,1,1,2021-10-17,1128,Aqua,MODIS,68,6.03,290,8.5,D,2
48.034,21.0114,303.5,1,1,2021-10-17,1128,Aqua,MODIS,50,6.03,292.5,4.6,D,0
47.0636,21.6488,303,1,1,2021-10-19,0927,Terra,MODIS,54,6.03,290.6,4,D,0
46.6434,20.4838,308.2,1.4,1.2,2021-10-19,1115,Aqua,MODIS,67,6.03,293.3,12,D,0
48.0727,21.1054,303.4,1.3,1.1,2021-10-19,1116,Aqua,MODIS,56,6.03,291.7,5.9,D,0
47.1427,21.7776,303.4,1.2,1.1,2021-10-19,1116,Aqua,MODIS,56,6.03,290.7,5.3,D,0
48.1472,21.2829,301.3,1.2,1.1,2021-10-19,1116,Aqua,MODIS,46,6.03,290.4,4.6,D,0
48.0757,21.1216,303,1.3,1.1,2021-10-19,1116,Aqua,MODIS,54,6.03,289.9,5.5,D,0
48.1608,21.4102,300.9,1.1,1.1,2021-10-22,1146,Aqua,MODIS,40,6.03,289.8,5.3,D,0
46.7482,19.39,300.2,2,1.4,2021-10-25,1217,Aqua,MODIS,32,6.03,289,11.1,D,0
47.1984,21.7335,300.3,1,1,2021-10-26,0933,Terra,MODIS,34,6.03,289.7,2.8,D,0
46.7885,20.3042,303.6,1,1,2021-10-26,0933,Terra,MODIS,57,6.03,290.1,4.8,D,0
48.1691,21.6173,315.5,1,1,2021-10-26,0933,Terra,MODIS,76,6.03,285.2,15.5,D,0
46.7903,20.291,303.4,1,1,2021-10-26,0933,Terra,MODIS,56,6.03,289.8,4.7,D,0
47.0593,20.6591,304.9,1.2,1.1,2021-10-26,1122,Aqua,MODIS,60,6.03,289.7,6.3,D,0
48.0247,21.0075,323.5,1.1,1.1,2021-10-26,1122,Aqua,MODIS,82,6.03,288.3,24.3,D,0
47.1895,21.1045,304.4,1.2,1.1,2021-10-28,0921,Terra,MODIS,59,6.03,290.4,6.5,D,0
47.1912,21.0889,302.3,1.2,1.1,2021-10-28,0921,Terra,MODIS,51,6.03,290.4,5,D,0
47.367,20.7783,303.9,1.2,1.1,2021-10-28,0921,Terra,MODIS,57,6.03,289.6,6.9,D,0
47.3677,20.7657,310.3,1.6,1.2,2021-10-28,1110,Aqua,MODIS,70,6.03,290.7,16.6,D,0
46.7617,18.7353,302.5,2.1,1.4,2021-10-28,1110,Aqua,MODIS,52,6.03,288.3,14.8,D,0
46.5949,19.3758,304.4,1.4,1.2,2021-10-29,1004,Terra,MODIS,59,6.03,289.3,9.5,D,0
46.5983,19.3584,307,1.4,1.2,2021-10-29,1004,Terra,MODIS,64,6.03,289.1,12,D,0
48.1094,21.0456,307.2,1.3,1.1,2021-10-29,1153,Aqua,MODIS,65,6.03,292.2,8.7,D,0
48.1076,21.0285,302.9,1.3,1.1,2021-10-29,1153,Aqua,MODIS,54,6.03,291.7,5.1,D,0
48.1685,21.0248,306.2,1.3,1.1,2021-10-29,1153,Aqua,MODIS,63,6.03,292.4,8.8,D,0
48.1206,21.2543,311.5,1.3,1.1,2021-10-29,1153,Aqua,MODIS,71,6.03,292,14.3,D,0
47.1778,21.2061,310,1.2,1.1,2021-10-31,0951,Terra,MODIS,69,6.03,291.3,10.6,D,0
46.0346,18.2001,301,1,1,2021-10-31,0952,Terra,MODIS,38,6.03,285.6,4.9,D,0
46.29,18.118,301.2,1,1,2021-10-31,0952,Terra,MODIS,45,6.03,288.2,5,D,0
46.8593,21.3255,310,1,1,2021-10-31,1140,Aqua,MODIS,69,6.03,294.9,7.7,D,0
47.6977,20.1565,306.7,1,1,2021-10-31,1140,Aqua,MODIS,64,6.03,292.5,6,D,0
46.3673,17.8394,311.2,1.1,1,2021-10-31,1140,Aqua,MODIS,70,6.03,289.4,11,D,0
47.6995,20.1697,302,1,1,2021-10-31,1140,Aqua,MODIS,50,6.03,291.7,3.2,D,0
46.8575,21.3122,306.1,1,1,2021-10-31,1140,Aqua,MODIS,63,6.03,294.9,5,D,0
48.113,21.0447,308.5,1,1,2021-10-31,1140,Aqua,MODIS,67,6.03,292.7,6.7,D,0
48.104,21.0473,311,1,1,2021-10-31,1140,Aqua,MODIS,71,6.03,292.5,8.5,D,0
47.8152,22.5496,300.5,1.1,1.1,2021-11-16,1140,Aqua,MODIS,37,6.03,285.2,6.4,D,0
48.0685,21.3314,300.9,1.1,1.1,2021-11-23,1147,Aqua,MODIS,39,6.03,279.6,7.9,D,0
